Workbook

Sheet Dashboard
A1: Calo · University Student Programme · Overview Dashboard
A2: Live summary pulling from Societies and Accommodation sheets
B4: Active Societies | D4: Total Referrals (Societies) | F4: Cash Out (£) | H4: Accom Partners | J4: Accom Referrals
B5: =COUNTA('Student Societies'!A5:A24) | D5: =SUM('Student Societies'!L5:L24) | F5: =SUM('Student Societies'!M5:M24) | H5: =COUNTA('Student Accommodation'!A5:A5) | J5: =SUM('Student Accommodation'!H5:H5)
B7: Top Societies by Referrals
B8: Society | C8: Location | D8: Account Manager | E8: Referrals
B9: 🥇 UCL Saudi Society | C9: London | D9: Sophie | E9: 40
B10: 🥈 Cardiff Uni Saudi Society | C10: Cardiff | D10: Sophie | E10: 12
B11: 🥉 Uni of Edinburgh Saudi Society | C11: Edinburgh | D11: Sophie | E11: 8
B12: Imperial College Saudi Society | C12: London | D12: Sophie | E12: 7
B13: DRS Saudi Run Club (Loughborough) | C13: Loughborough | D13: Sophie | E13: 6
B15: Referrals by Account Manager
B16: Manager | C16: Societies | D16: Total Referrals | E16: % of Total
B17: Sophie | C17: 18 | D17: 84 | E17: 1
B18: Milly | C18: 2 | D18: 0 | E18: 0
G21: Referrals by City
G22: City | H22: Societies | I22: Referrals | J22: % of Total
G23: London | H23: 6 | I23: 50 | J23: 0.5952381
G24: Cardiff | H24: 1 | I24: 12 | J24: 0.14285714
G25: Edinburgh | H25: 1 | I25: 8 | J25: 0.095238095
G26: Loughborough | H26: 1 | I26: 6 | J26: 0.071428571
G27: Glasgow | H27: 1 | I27: 3 | J27: 0.035714286
G28: Manchester | H28: 1 | I28: 2 | J28: 0.023809524
G29: Leeds | H29: 1 | I29: 1 | J29: 0.011904762
G30: Nottingham | H30: 2 | I30: 1 | J30: 0.011904762
G31: Newcastle | H31: 1 | I31: 1 | J31: 0.011904762
G32: Cambridge | H32: 1 | I32: 0 | J32: 0
G33: Brighton | H33: 1 | I33: 0 | J33: 0
G34: Reading | H34: 1 | I34: 0 | J34: 0
G35: Birmingham | H35: 2 | I35: 0 | J35: 0

Sheet Student Societies
A1: Calo · Student Societies & Communities Tracker
A2: All active and pipeline student society partnerships · Blue cells = manual input · Partnership code UNICOMMITTEE applies across all
A4: # | B4: Society / Community Name | C4: University | D4: Account Manager | E4: City | F4: Discount Code | G4: Society Type | H4: Status | I4: Key Contact | J4: Landing Page | K4: Activities & Events | L4: Total Referrals | M4: Cash Out (£) | N4: WhatsApp Group | O4: Ambassador Flag | P4: Notes
A5: 1 | B5: Uni of Edinburgh Saudi Society | C5: University of Edinburgh | D5: Sophie | E5: Edinburgh | F5: UOESAUDI | G5: Saudi Society | H5: Active | K5: Launch event 30 Oct; Ramadan event 27 Feb | L5: 8
A6: 2 | B6: Uni of Manchester Saudi Society | C6: University of Manchester | D6: Sophie | E6: Manchester | F6: UOMSAUDI | G6: Saudi Society | H6: Active | K6: Launch event 2 Nov | L6: 2
A7: 3 | B7: Uni of Leeds Saudi Society | C7: University of Leeds | D7: Sophie | E7: Leeds | F7: UOLSAUDI | G7: Saudi Society | H7: Active | K7: Run Club Launch event 23 Jan | L7: 1
A8: 4 | B8: Imperial College Saudi Society | C8: Imperial College London | D8: Sophie | E8: London | F8: SAUDISATIMPERIAL | G8: Saudi Society | H8: Active | J8: https://try.calo.app/imperialsaudi/ | K8: Ramadan launch event 5 Mar | L8: 7
A9: 5 | B9: UCL Saudi Society | C9: UCL | D9: Sophie | E9: London | F9: UCLSAUDI | G9: Saudi Society | H9: Active | K9: Quiz Night launch 5 Dec; Ramadan event 27 Feb | L9: 40 | M9: 280 and 379
A10: 6 | B10: King's College London Saudi Society | C10: King's College London | D10: Sophie | E10: London | F10: ABDULLAHKCL | G10: Saudi Society | H10: Active | K10: Launch event 29 Oct | L10: 3
A11: 7 | B11: Cardiff Uni Saudi Society | C11: Cardiff University | D11: Sophie | E11: Cardiff | F11: SSCU | G11: Saudi Society | H11: Active | L11: 12 | M11: 118
A12: 8 | B12: Bahrain Society - Nottingham | C12: University of Nottingham | D12: Sophie | E12: Nottingham | F12: BHNOTTS | G12: Bahrain Society | H12: Active | K12: Launch event 12 Nov; Arabian Nights Fair 29 Jan | L12: 1
A13: 9 | B13: City Uni Saudi Society | C13: City University London | D13: Sophie | E13: London | F13: CITYSAUDI | G13: Saudi Society | H13: Pipeline | L13: 0
A14: 10 | B14: Northumbria Saudi Society | C14: Northumbria University | D14: Sophie | E14: Newcastle | F14: SSN | G14: Saudi Society | H14: Active | K14: Launch event 20 Nov | L14: 1
A15: 11 | B15: Glasgow Saudi Society | C15: University of Glasgow | D15: Sophie | E15: Glasgow | F15: SSG | G15: Saudi Society | H15: Active | L15: 3
A16: 12 | B16: Cambridge Saudi Society | C16: University of Cambridge | D16: Sophie | E16: Cambridge | F16: SAUDICAMBRIDGE | G16: Saudi Society | H16: Pipeline | L16: 0
A17: 13 | B17: DRS Saudi Run Club (Loughborough) | C17: Loughborough University | D17: Sophie | E17: Loughborough | F17: DRS | G17: Saudi Run Club | H17: Active | K17: Run Club Launch 14 Nov | L17: 6
A18: 14 | B18: Saudi Society Brighton | C18: University of Brighton | D18: Sophie | E18: Brighton | F18: SAUDIBRIGHTON | G18: Saudi Society | H18: Pipeline | K18: Launch event 16 Feb | L18: 0
A19: 15 | B19: Queen Mary University Saudi Society | C19: Queen Mary University of London | D19: Sophie | E19: London | F19: SAUDIQMUL | G19: Saudi Society | H19: Pipeline | K19: Football / Ramadan event 20 Feb | L19: 0
A20: 16 | B20: Uni of Greenwich - Hispanic & Wellness | C20: University of Greenwich | D20: Sophie | E20: London | F20: UNIGREENWHICH | G20: Hispanic / Wellness | H20: Pipeline | K20: Wellness event Mar (x30 samples) | L20: 0
A21: 17 | B21: Saudi Society - Nottingham Uni | C21: University of Nottingham | D21: Sophie | E21: Nottingham | F21: PENDING | G21: Saudi Society | H21: Pending | L21: 0
A22: 18 | B22: Uni of Reading Saudi Society | C22: University of Reading | D22: Sophie | E22: Reading | F22: SAUDIUOR | G22: Saudi Society | H22: Pipeline
A23: 19 | B23: Uni of Birmingham Saudi Society | C23: University of Birmingham | D23: Milly | E23: Birmingham | F23: UOBSAUDI50 | G23: Saudi Society | H23: Pipeline | K23: Pilates event + padel
A24: 20 | B24: Uni of Birmingham Kuwait Society | C24: University of Birmingham | D24: Milly | E24: Birmingham | F24: BHAMKW | G24: Kuwait Society | H24: Pipeline
A25: TOTALS | L25: =SUM(L5:L24) | M25: =SUM(M5:M24)

Sheet Student Accommodation
A1: Calo · Student Accommodation Tracker
A2: Student accommodation partnerships · Blue cells = manual input
A4: Accommodation Name | B4: Account Manager | C4: Location | D4: Discount Code | E4: Key Contact | F4: Landing Page | G4: Activities & Events | H4: Total Referrals | I4: Cash Out (£) | J4: Status | K4: Notes
A5: Moda Living | B5: Milly | C5: North West | D5: MODA | E5: Tilly Seddon — tilly@modaliving.com | H5: 8 | J5: Active
A11: TOTALS | H11: =SUM(H5:H10) | I11: =SUM(I5:I10)

Sheet Monthly Tracker
A1: Calo · University Student Programme · Monthly Acquisition Tracker
A2: High-level monthly view · Blue = enter actuals · Black = auto-calculated
A4: Month | B4: Total Calo Acquisitions | C4: Uni Community Acquisitions | D4: % of Total from Uni | E4: Active Societies | F4: Society Referrals | G4: Ambassador / Influencer Acqs | H4: Monthly Challenge Winner | I4: Top University | J4: Notes
A5: Sep 2025 | D5: =IFERROR(C5/B5,"-")
A6: Oct 2025 | D6: =IFERROR(C6/B6,"-")
A7: Nov 2025 | D7: =IFERROR(C7/B7,"-")
A8: Dec 2025 | D8: =IFERROR(C8/B8,"-")
A9: Jan 2026 | D9: =IFERROR(C9/B9,"-")
A10: Feb 2026 | D10: =IFERROR(C10/B10,"-")
A11: Mar 2026 | D11: =IFERROR(C11/B11,"-")
A12: Apr 2026 | D12: =IFERROR(C12/B12,"-")
A13: May 2026 | D13: =IFERROR(C13/B13,"-")
A14: Jun 2026 | D14: =IFERROR(C14/B14,"-")
A15: Jul 2026 | D15: =IFERROR(C15/B15,"-")
A16: Aug 2026 | D16: =IFERROR(C16/B16,"-")
A17: TOTAL / AVG | B17: =SUM(B5:B16) | C17: =SUM(C5:C16) | D17: =IFERROR(C17/B17,"-") | E17: =IFERROR(ROUND(AVERAGE(E5:E16),0),-) | F17: =SUM(F5:F16) | G17: =SUM(G5:G16)
A19: Colour key:
A20: Blue = enter actuals each month
A21: Black = auto-calculated formula
